Nodes,Fairness,CostV,CostS
0,0.4988343387625497,0.0,0.0
1,0.5336478878583748,0.012508360075293655,0.20308242251592948
2,0.5504664532457699,0.024697245144053723,0.21921358360208598
3,0.5579328290756927,0.03126203505282772,0.2135698403320566
4,0.5646697564499961,0.03515907942974206,0.18390484033824217
5,0.5683113403548391,0.03876928676135841,0.1766662526230423
6,0.5697918080799942,0.03951648147031403,0.15229419731074303
7,0.5704623059986305,0.03996688071590998,0.13348551863745786
