Nodes,Fairness,CostV,CostS
0,0.49765190952811506,0.0,0.0
1,0.6463869235439205,0.09593250665789456,0.23820119449928073
2,0.6906253907436346,0.159119298770619,0.31490190559296993
3,0.7155398778509163,0.20008884221450068,0.32679360090560544
4,0.7307322577470865,0.2282205548403817,0.3633020672178275
5,0.737410622154216,0.24112783269428953,0.37296140823840673
6,0.7400317278456616,0.24609143935967795,0.3518202120529974
7,0.7422935316909015,0.25056899107089947,0.33808604805281833
