Nodes,Fairness,CostV,CostS
0,0.49695722518163954,0.0,0.0
1,0.5986147880359206,0.05727330269887485,0.3117472198726965
2,0.633821080804116,0.09945489637873839,0.3675352409308997
3,0.6518166947357378,0.12081594483160908,0.32992856920520625
4,0.6641652996924902,0.1396309125243466,0.36120103059526953
5,0.6697768349804698,0.1485242912651898,0.3616529325019434
6,0.671963857129801,0.15135578774058914,0.32356354295473855
7,0.6736496855839427,0.1539137761449297,0.29622237980193866
