Nodes,Fairness,CostV,CostS
0,0.3688198088038953,0.0,0.0
1,0.4012692963129192,0.007389110845960188,0.10680511145604386
2,0.4176088620636926,0.015155040371151243,0.11766315478517314
3,0.42827643128313786,0.01955783443179529,0.09803644896058816
4,0.43649396611069413,0.025092672494926083,0.10911657471601015
5,0.44098119077867837,0.028270431424571734,0.10762132983780033
6,0.442875008146167,0.02924187701315063,0.09447073195325069
7,0.44444952787302233,0.030248543924038224,0.08740560479414225
