Nodes,Fairness,CostV,CostS
0,0.4082616313030937,0.0,0.0
1,0.4803873382016078,0.03150098080920768,0.2974786544895636
2,0.5106380311035761,0.059581123644342246,0.3309236825427029
3,0.533077467628811,0.07964638679539167,0.3025060505386479
4,0.5450864522062174,0.0951761090704222,0.3276902669125337
5,0.5552857329444735,0.10781495508497263,0.3147399150020785
6,0.5621381092801072,0.11762733896654237,0.3213597400377234
7,0.566166722295752,0.12239212865834652,0.298397582417753
8,0.569197174631752,0.12610400380719505,0.278620538409774
