Nodes,Fairness,CostV,CostS
0,0.4988343387625497,0.0,0.0
1,0.5419190054449383,0.019157959440696915,0.3110435572896083
2,0.5619347496156917,0.03685951944799734,0.3267666631848929
3,0.5727448679957434,0.04383576653319664,0.2673138975600162
4,0.5805572333073037,0.05336758416702467,0.27970628211342474
5,0.5851600639913384,0.05901992153355858,0.26995254452727835
6,0.5891092500876073,0.062596206198503,0.24110899277674747
7,0.5917647988933542,0.06458316434994571,0.21773237977520404
8,0.5930148956284496,0.0653647953636043,0.1943708906622384
