Nodes,Fairness,CostV,CostS
0,0.6432405702956524,0.0,0.0
1,0.7153325726405386,0.043312378760077486,0.27502801734681975
2,0.73884465610399,0.0728519818661511,0.3136487447835362
3,0.7463841807235796,0.08349019821824151,0.30235577231233535
4,0.7502624419261366,0.08800172253466734,0.25603997258782285
5,0.7526658220829998,0.09168984402418684,0.24662629335430464
