Nodes,Fairness,CostV,CostS
0,0.6432405702956524,0.0,0.0
1,0.7502335650166334,0.09540003785765444,0.6057779327277777
2,0.7781840005276452,0.14509324466702794,0.6206881845786845
3,0.7888162994911667,0.16082079373477542,0.5065380388759766
4,0.7956477784359305,0.17545545453358238,0.514792336517544
5,0.7988990614303583,0.18236101934670626,0.4963393495842438
6,0.8008522061534488,0.18589697701402377,0.42297730470048117
7,0.802528393651901,0.1879120499328851,0.379197773590238
8,0.802931097630029,0.18832130751256732,0.33369869706499106
