Nodes,Fairness,CostV,CostS
0,0.5847031667798865,0.0,0.0
1,0.6995184647909188,0.0903001866480724,0.5448457709412066
2,0.7324335369257369,0.14256801163279534,0.5824672551173726
3,0.7491922335028882,0.1660447901095921,0.5028834767309823
4,0.7581529012955672,0.1833962195756981,0.5209896904945347
5,0.763325620723084,0.1925480616039044,0.4512849405104726
6,0.7677070560008419,0.20122160722208646,0.45568918108581474
7,0.7700988704233478,0.20455338274536308,0.41510637819515134
8,0.7712912405906152,0.20619343352941885,0.3722550446346325
