Nodes,Fairness,CostV,CostS
0,0.32971482244231276,0.0,0.0
1,0.3354529789758431,0.0004019089031619557,0.010238370627119124
2,0.33900476346499175,0.0008479189406604755,0.010727945608674828
3,0.34141502094638404,0.0012001897441569613,0.010450015833021978
4,0.3430842674145299,0.001350992328504335,0.008340949291861853
5,0.34428201427117383,0.0015207785102648503,0.007610886403079467
