Nodes,Fairness,CostV,CostS
0,0.6810115519446966,0.0,0.0
1,0.7768580925494809,0.049644966920536014,0.1681169794717013
2,0.8035445560950191,0.07857944611974899,0.20550552518956472
3,0.8132201471641942,0.09016438333476605,0.20954852265621515
4,0.8192320438749168,0.09717191112983913,0.1923762655755231
5,0.8220900690389317,0.10089361208693941,0.19086672509871933
