Nodes,Fairness,CostV,CostS
0,0.6221197456895206,0.0,0.0
1,0.7149028994852582,0.06651376860980351,0.4153160291551681
2,0.742754451379654,0.1073373380221737,0.4539352360207055
3,0.7524782823508135,0.11951864872523389,0.37069591424056947
4,0.7604256411271465,0.13356732047724112,0.3889473308416963
5,0.7638603215862367,0.1397320415330654,0.3784995992198278
6,0.7650936022310398,0.1410312017357693,0.3285796450337926
7,0.7656930394582635,0.1419511688602322,0.2868148303749334
